XZQDM,CSMC,BZ,DKXH,TZLXDM,two,DLMC,EJ,XZQMC_12,XZQMC,XZQM,Shape_Area
320400,常州市,宝林寺北,001,I,1,农用地,耕地,武进区,湖塘镇,张家坝村,0.00040000000
320400,常州市,宝林寺北,001,I,1,农用地,耕地,武进区,湖塘镇,张家坝村,0.22670000000
320400,常州市,常州夏岩三勤生态旅游发展有限公司,002,I,1,农用地,耕地,武进区,湖塘镇,三勤村,0.22280000000
320400,常州市,常州夏岩三勤生态旅游发展有限公司,002,I,1,农用地,,武进区,湖塘镇,三勤村,0.00190000000
320400,常州市,常州夏岩三勤生态旅游发展有限公司,002,I,1,农用地,,武进区,湖塘镇,三勤村,0.02680000000
320400,常州市,常州夏岩三勤生态旅游发展有限公司,002,I,1,农用地,,武进区,湖塘镇,三勤村,0.00990000000
320400,常州市,常州夏岩三勤生态旅游发展有限公司,002,I,1,农用地,,武进区,湖塘镇,三勤村,0.02630000000
320400,常州市,常州夏岩三勤生态旅游发展有限公司,002,I,1,农用地,,武进区,湖塘镇,三勤村,0.02170000000
320400,常州市,常州夏岩三勤生态旅游发展有限公司,002,I,1,农用地,耕地,武进区,湖塘镇,三勤村,0.01550000000
320400,常州市,城南小学,003,I,1,农用地,耕地,武进区,湖塘镇,三勤村,0.36520000000
320400,常州市,城南小学,003,I,1,农用地,,武进区,湖塘镇,三勤村,0.04580000000
320400,常州市,城南小学,003,I,1,农用地,耕地,武进区,湖塘镇,三勤村,0.06480000000
320400,常州市,城南小学,003,I,1,农用地,耕地,武进区,湖塘镇,三勤村,0.02310000000
320400,常州市,城南小学,003,I,1,农用地,耕地,武进区,湖塘镇,三勤村,0.65190000000
320400,常州市,城南小学,003,I,1,农用地,耕地,武进区,湖塘镇,三勤村,0.04000000000
320400,常州市,城南小学,003,I,1,农用地,耕地,武进区,湖塘镇,三勤村,0.09760000000
320400,常州市,城南小学,003,I,1,农用地,,武进区,湖塘镇,三勤村,0.00070000000
320400,常州市,城南小学,003,I,1,农用地,耕地,武进区,湖塘镇,三勤村,0.03250000000
320400,常州市,城南小学,003,I,1,农用地,,武进区,湖塘镇,三勤村,0.03400000000
320400,常州市,城南小学,003,I,1,农用地,耕地,武进区,湖塘镇,三勤村,0.13710000000
320400,常州市,城南小学,003,I,1,农用地,耕地,武进区,湖塘镇,三勤村,0.26830000000
320400,常州市,城南小学,003,I,1,农用地,耕地,武进区,湖塘镇,三勤村,0.75980000000
320400,常州市,城南小学,003,I,1,农用地,耕地,武进区,湖塘镇,三勤村,0.03920000000
320400,常州市,城南小学,003,I,1,农用地,耕地,武进区,湖塘镇,三勤村,0.04190000000
320400,常州市,城南小学,003,I,1,农用地,耕地,武进区,湖塘镇,三勤村,0.00400000000
320400,常州市,城南小学,003,I,1,农用地,耕地,武进区,湖塘镇,三勤村,0.05370000000
320400,常州市,城南小学,003,I,1,农用地,耕地,武进区,湖塘镇,三勤村,0.25240000000
320400,常州市,城南小学,003,I,1,农用地,耕地,武进区,湖塘镇,三勤村,0.03630000000
320400,常州市,城南小学,003,I,1,农用地,耕地,武进区,湖塘镇,三勤村,0.05620000000
320400,常州市,城南小学,003,I,1,农用地,,武进区,湖塘镇,三勤村,0.16990000000
320400,常州市,城南小学,003,I,1,农用地,耕地,武进区,湖塘镇,三勤村,0.05410000000
320400,常州市,城南小学,003,I,1,农用地,耕地,武进区,湖塘镇,三勤村,0.08380000000
320400,常州市,城南小学,003,I,1,农用地,耕地,武进区,湖塘镇,三勤村,0.00030000000
320400,常州市,城南小学,003,I,1,未利用地,,武进区,湖塘镇,三勤村,0.44730000000
320400,常州市,东升菜场,004,I,1,农用地,,武进区,湖塘镇,东升村,0.05740000000
320400,常州市,东升菜场,004,I,1,农用地,耕地,武进区,湖塘镇,东升村,0.10190000000
320400,常州市,东升菜场,004,I,1,农用地,耕地,武进区,湖塘镇,东升村,0.02900000000
320400,常州市,高新区海湖路,005,I,1,农用地,,武进区,湖塘镇,南周村,1.50520000000
320400,常州市,高新区南河花园安置房,006,I,1,建设用地,,武进区,湖塘镇,纪墅村,0.40830000000
320400,常州市,高新区南河花园安置房,006,I,1,建设用地,,武进区,湖塘镇,纪墅村,0.01760000000
320400,常州市,高新区南河花园安置房,006,I,1,建设用地,,武进区,湖塘镇,纪墅村,0.05060000000
320400,常州市,沟南拆迁安置2-2,007,I,1,农用地,耕地,武进区,湖塘镇,东新村,0.10410000000
320400,常州市,沟南拆迁安置2-2,007,I,1,农用地,,武进区,湖塘镇,东新村,0.03980000000
320400,常州市,沟南拆迁安置2-2,007,I,1,农用地,耕地,武进区,湖塘镇,东新村,0.00860000000
320400,常州市,沟南拆迁安置2-2,007,I,1,农用地,耕地,武进区,湖塘镇,东新村,0.65470000000
320400,常州市,沟南拆迁安置2-2,007,I,1,农用地,,武进区,湖塘镇,东新村,0.13400000000
320400,常州市,沟南拆迁安置2-2,007,I,1,农用地,,武进区,湖塘镇,东新村,0.07350000000
320400,常州市,沟南拆迁安置4,008,I,1,农用地,,武进区,湖塘镇,东新村,0.13450000000
320400,常州市,沟南拆迁安置4,008,I,1,农用地,耕地,武进区,湖塘镇,东新村,0.00100000000
320400,常州市,沟南拆迁安置4,008,I,1,农用地,,武进区,湖塘镇,东新村,0.00240000000
320400,常州市,沟南拆迁安置4,008,I,1,农用地,,武进区,湖塘镇,东新村,0.00480000000
320400,常州市,沟南拆迁安置4,008,I,1,农用地,耕地,武进区,湖塘镇,东新村,0.24870000000
320400,常州市,沟南拆迁安置4,008,I,1,未利用地,,武进区,湖塘镇,东新村,0.16860000000
320400,常州市,沟南拆迁安置4,008,I,1,农用地,,武进区,湖塘镇,东新村,0.60040000000
320400,常州市,沟南拆迁安置4,008,I,1,农用地,耕地,武进区,湖塘镇,东新村,0.40700000000
320400,常州市,南田文化城菱港路范围,009,I,1,农用地,耕地,武进区,湖塘镇,龙潭庵村,0.00220000000
320400,常州市,南田文化城菱港路范围,009,I,1,农用地,耕地,武进区,湖塘镇,龙潭庵村,0.01740000000
320400,常州市,南田文化城菱港路范围,009,I,1,农用地,耕地,武进区,湖塘镇,龙潭庵村,0.03590000000
320400,常州市,南田文化城菱港路范围,009,I,1,农用地,耕地,武进区,湖塘镇,龙潭庵村,0.35510000000
320400,常州市,南田文化城菱港路范围,009,I,1,农用地,耕地,武进区,湖塘镇,龙潭庵村,0.01840000000
320400,常州市,南田文化城菱港路范围,009,I,1,农用地,耕地,武进区,湖塘镇,龙潭庵村,0.04900000000
320400,常州市,南田文化城菱港路范围,009,I,1,农用地,耕地,武进区,湖塘镇,龙潭庵村,0.12540000000
320400,常州市,南田文化城菱港路范围,009,I,1,农用地,耕地,武进区,湖塘镇,龙潭庵村,0.18990000000
320400,常州市,南田文化城菱港路范围,009,I,1,农用地,耕地,武进区,湖塘镇,龙潭庵村,0.19060000000
320400,常州市,南田文化城菱港路范围,009,I,1,农用地,耕地,武进区,湖塘镇,龙潭庵村,0.00050000000
320400,常州市,周家巷村配套用地,010,I,1,农用地,,武进区,湖塘镇,周家巷村,0.01580000000
320400,常州市,周家巷村配套用地,010,I,1,农用地,耕地,武进区,湖塘镇,周家巷村,0.26430000000
320400,常州市,周家巷村配套用地,010,I,1,农用地,耕地,武进区,湖塘镇,周家巷村,0.14040000000
320400,常州市,周家巷小学及社区服务配套中心-2,011,I,1,农用地,耕地,武进区,湖塘镇,华家村,0.08430000000
320400,常州市,周家巷小学及社区服务配套中心-2,011,I,1,农用地,耕地,武进区,湖塘镇,华家村,0.01710000000
320400,常州市,周家巷小学及社区服务配套中心-2,011,I,1,农用地,耕地,武进区,湖塘镇,华家村,0.11850000000
320400,常州市,周家巷小学及社区服务配套中心-2,011,I,1,农用地,耕地,武进区,湖塘镇,华家村,0.18850000000
320400,常州市,高新区龙门路（湖滨路-淹城路）,012,I,1,农用地,耕地,武进区,湖塘镇,孙家村,0.22720000000
320400,常州市,高新区龙门路（湖滨路-淹城路）,012,I,1,农用地,耕地,武进区,湖塘镇,孙家村,0.33080000000
320400,常州市,高新区龙门路（湖滨路-淹城路）,012,I,1,农用地,,武进区,湖塘镇,孙家村,0.01420000000
320400,常州市,高新区龙门路（湖滨路-淹城路）,012,I,1,农用地,耕地,武进区,湖塘镇,孙家村,0.04610000000
320400,常州市,高新区龙门路（湖滨路-淹城路）,012,I,1,农用地,,武进区,湖塘镇,孙家村,0.08600000000
320400,常州市,高新区龙门路（湖滨路-淹城路）,012,I,1,农用地,,武进区,湖塘镇,孙家村,0.01140000000
320400,常州市,高新区龙门路（湖滨路-淹城路）,012,I,1,农用地,,武进区,湖塘镇,孙家村,0.10070000000
320400,常州市,高新区龙门路（湖滨路-淹城路）,012,I,1,农用地,耕地,武进区,湖塘镇,西塘田村,0.12210000000
320400,常州市,高新区龙门路（湖滨路-淹城路）,013,I,1,农用地,耕地,武进区,湖塘镇,孙家村,0.09350000000
320400,常州市,高新区龙门路（湖滨路-淹城路）,013,I,1,农用地,耕地,武进区,湖塘镇,孙家村,0.03120000000
320400,常州市,高新区龙门路（湖滨路-淹城路）,013,I,1,农用地,耕地,武进区,湖塘镇,孙家村,0.03240000000
320400,常州市,高新区龙门路（湖滨路-淹城路）,014,I,1,农用地,耕地,武进区,湖塘镇,孙家村,0.11590000000
320400,常州市,高新区龙门路（湖滨路-淹城路）,014,I,1,农用地,耕地,武进区,湖塘镇,孙家村,0.00220000000
320400,常州市,高新区龙门路（湖滨路-淹城路）,014,I,1,农用地,耕地,武进区,湖塘镇,孙家村,0.00040000000
320400,常州市,高新区龙门路（湖滨路-淹城路）,015,I,1,农用地,耕地,武进区,湖塘镇,孙家村,0.17790000000
320400,常州市,南田文化城,016,I,1,农用地,耕地,武进区,湖塘镇,大华村,0.05120000000
320400,常州市,南田文化城,016,I,1,农用地,耕地,武进区,湖塘镇,大华村,0.03040000000
320400,常州市,南田文化城,016,I,1,农用地,耕地,武进区,湖塘镇,大华村,0.01230000000
320400,常州市,杉木路,017,I,1,农用地,耕地,武进区,湖塘镇,淹城村,0.01850000000
320400,常州市,杉木路,018,I,1,农用地,耕地,武进区,湖塘镇,淹城村,0.00960000000
320400,常州市,杉木路,019,I,1,农用地,耕地,武进区,湖塘镇,淹城村,0.17850000000
320400,常州市,杉木路,019,I,1,农用地,耕地,武进区,湖塘镇,淹城村,0.00540000000
320400,常州市,杉木路,019,I,1,农用地,,武进区,湖塘镇,淹城村,0.04370000000
320400,常州市,杉木路,019,I,1,农用地,耕地,武进区,湖塘镇,淹城村,0.12020000000
320400,常州市,杉木路,019,I,1,农用地,耕地,武进区,湖塘镇,淹城村,0.05730000000
320400,常州市,杉木路,019,I,1,农用地,耕地,武进区,湖塘镇,淹城村,0.04720000000
320400,常州市,杉木路,019,I,1,农用地,耕地,武进区,湖塘镇,淹城村,0.00340000000
320400,常州市,城西印染工业园调出,020,O,1,农用地,,武进区,湖塘镇,张家坝村,0.30260000000
320400,常州市,城西印染工业园调出,020,O,1,农用地,,武进区,湖塘镇,张家坝村,0.04200000000
320400,常州市,城西印染工业园调出,020,O,1,农用地,,武进区,湖塘镇,张家坝村,0.18260000000
320400,常州市,城西印染工业园调出,020,O,1,农用地,,武进区,湖塘镇,张家坝村,0.06200000000
320400,常州市,城西印染工业园调出,020,O,1,农用地,耕地,武进区,湖塘镇,张家坝村,0.42290000000
320400,常州市,城西印染工业园调出,020,O,1,农用地,耕地,武进区,湖塘镇,张家坝村,0.03900000000
320400,常州市,城西印染工业园调出,020,O,1,农用地,耕地,武进区,湖塘镇,张家坝村,0.10270000000
320400,常州市,城西印染工业园调出,020,O,1,农用地,耕地,武进区,湖塘镇,张家坝村,0.00100000000
320400,常州市,城西印染工业园调出,020,O,1,农用地,耕地,武进区,湖塘镇,张家坝村,0.42110000000
320400,常州市,城西印染工业园调出,020,O,1,农用地,耕地,武进区,湖塘镇,张家坝村,0.05090000000
320400,常州市,城西印染工业园调出,020,O,1,农用地,,武进区,湖塘镇,张家坝村,0.10820000000
320400,常州市,城西印染工业园调出,020,O,1,农用地,,武进区,湖塘镇,张家坝村,0.10550000000
320400,常州市,城西印染工业园调出,020,O,1,农用地,,武进区,湖塘镇,张家坝村,0.00650000000
320400,常州市,城西印染工业园调出,020,O,1,农用地,耕地,武进区,湖塘镇,张家坝村,0.05440000000
320400,常州市,城西印染工业园调出,020,O,1,农用地,耕地,武进区,湖塘镇,张家坝村,0.69800000000
320400,常州市,城西印染工业园调出,020,O,1,农用地,耕地,武进区,湖塘镇,张家坝村,0.46850000000
320400,常州市,城西印染工业园调出,020,O,1,农用地,耕地,武进区,湖塘镇,张家坝村,0.45180000000
320400,常州市,城西印染工业园调出,020,O,1,农用地,耕地,武进区,湖塘镇,张家坝村,0.10360000000
320400,常州市,城西印染工业园调出,020,O,1,农用地,耕地,武进区,湖塘镇,张家坝村,0.11550000000
320400,常州市,城西印染工业园调出,020,O,1,农用地,耕地,武进区,湖塘镇,张家坝村,0.26290000000
320400,常州市,城西印染工业园调出,020,O,1,农用地,,武进区,湖塘镇,张家坝村,0.43510000000
320400,常州市,城西印染工业园调出,020,O,1,农用地,耕地,武进区,湖塘镇,张家坝村,0.11530000000
320400,常州市,城西印染工业园调出,020,O,1,农用地,,武进区,湖塘镇,张家坝村,0.01310000000
320400,常州市,城西印染工业园调出,020,O,1,农用地,耕地,武进区,湖塘镇,张家坝村,0.59490000000
320400,常州市,城西印染工业园调出,020,O,1,农用地,耕地,武进区,湖塘镇,张家坝村,0.03750000000
320400,常州市,城西印染工业园调出,020,O,1,农用地,耕地,武进区,湖塘镇,张家坝村,0.32790000000
320400,常州市,城西印染工业园调出,020,O,1,农用地,,武进区,湖塘镇,张家坝村,0.00950000000
320400,常州市,城西印染工业园调出,020,O,1,农用地,,武进区,湖塘镇,张家坝村,0.07880000000
320400,常州市,高新区调出,021,O,1,农用地,耕地,武进区,湖塘镇,孙家村,0.39150000000
320400,常州市,高新区调出,021,O,1,农用地,耕地,武进区,湖塘镇,孙家村,0.05350000000
320400,常州市,高新区调出,021,O,1,农用地,耕地,武进区,湖塘镇,孙家村,0.56660000000
320400,常州市,高新区调出,022,O,1,农用地,耕地,武进区,湖塘镇,孙家村,0.85750000000
320400,常州市,高新区调出,022,O,1,农用地,耕地,武进区,湖塘镇,孙家村,0.46480000000
320400,常州市,高新区调出,022,O,1,农用地,耕地,武进区,湖塘镇,孙家村,0.00390000000
320400,常州市,高新区调出,022,O,1,农用地,耕地,武进区,湖塘镇,孙家村,0.23600000000
320400,常州市,高新区调出,022,O,1,农用地,,武进区,湖塘镇,孙家村,0.09990000000
320400,常州市,高新区调出,023,O,1,农用地,耕地,武进区,湖塘镇,孙家村,0.10510000000
320400,常州市,高新区调出,023,O,1,农用地,,武进区,湖塘镇,孙家村,0.56670000000
320400,常州市,高新区调出,023,O,1,农用地,耕地,武进区,湖塘镇,孙家村,0.03720000000
320400,常州市,高新区调出,023,O,1,农用地,耕地,武进区,湖塘镇,孙家村,0.16190000000
320400,常州市,高新区调出,023,O,1,农用地,,武进区,湖塘镇,孙家村,0.04580000000
320400,常州市,高新区调出,023,O,1,农用地,耕地,武进区,湖塘镇,孙家村,0.08230000000
320400,常州市,高新区调出,023,O,1,未利用地,,武进区,湖塘镇,孙家村,0.34380000000
320400,常州市,高新区调出,023,O,1,农用地,耕地,武进区,湖塘镇,孙家村,0.28180000000
320400,常州市,高新区调出,024,O,1,农用地,耕地,武进区,湖塘镇,南周村,0.85020000000
320400,常州市,高新区调出,024,O,1,农用地,耕地,武进区,湖塘镇,南周村,0.08350000000
320400,常州市,高新区调出,024,O,1,农用地,耕地,武进区,湖塘镇,南周村,0.29440000000
320400,常州市,高新区调出,024,O,1,农用地,,武进区,湖塘镇,南周村,0.03310000000
320400,常州市,高新区调出,024,O,1,农用地,耕地,武进区,湖塘镇,南周村,0.05570000000
320400,常州市,高新区调出,024,O,1,农用地,耕地,武进区,湖塘镇,南周村,0.39520000000
320400,常州市,高新区调出,024,O,1,未利用地,,武进区,湖塘镇,南周村,0.26770000000
320400,常州市,高新区调出,024,O,1,农用地,,武进区,湖塘镇,南周村,0.09640000000
320400,常州市,扬子江预留地块,025,I,1,农用地,耕地,新北区,薛家镇,船坊村,0.03910000000
320400,常州市,扬子江预留地块,025,I,1,农用地,,新北区,薛家镇,船坊村,0.30220000000
320400,常州市,扬子江预留地块,025,I,1,农用地,,新北区,薛家镇,船坊村,0.00140000000
320400,常州市,扬子江预留地块,025,I,1,农用地,耕地,新北区,薛家镇,船坊村,0.14630000000
320400,常州市,扬子江预留地块,025,I,1,农用地,耕地,新北区,薛家镇,船坊村,0.00830000000
320400,常州市,扬子江预留地块,025,I,1,农用地,,新北区,薛家镇,船坊村,0.07130000000
320400,常州市,扬子江预留地块,025,I,1,农用地,耕地,新北区,薛家镇,船坊村,0.06550000000
320400,常州市,扬子江预留地块,025,I,1,农用地,耕地,新北区,薛家镇,船坊村,0.41960000000
320400,常州市,扬子江预留地块,025,I,1,农用地,耕地,新北区,薛家镇,船坊村,0.20730000000
320400,常州市,扬子江预留地块,025,I,1,农用地,,新北区,薛家镇,船坊村,0.16410000000
320400,常州市,扬子江预留地块,025,I,1,农用地,耕地,新北区,薛家镇,船坊村,0.25410000000
320400,常州市,扬子江预留地块,025,I,1,农用地,耕地,新北区,薛家镇,船坊村,0.19940000000
320400,常州市,扬子江预留地块,025,I,1,农用地,耕地,新北区,薛家镇,船坊村,0.15680000000
320400,常州市,扬子江预留地块,025,I,1,农用地,耕地,新北区,薛家镇,船坊村,0.15790000000
320400,常州市,扬子江预留地块,025,I,1,农用地,,新北区,薛家镇,船坊村,0.04010000000
320400,常州市,扬子江预留地块,025,I,1,农用地,耕地,新北区,薛家镇,船坊村,0.31410000000
320400,常州市,扬子江预留地块,025,I,1,农用地,,新北区,薛家镇,船坊村,0.40400000000
320400,常州市,扬子江预留地块,025,I,1,农用地,,新北区,薛家镇,船坊村,0.03740000000
320400,常州市,扬子江预留地块,025,I,1,农用地,,新北区,薛家镇,船坊村,0.06900000000
320400,常州市,扬子江预留地块,025,I,1,农用地,,新北区,薛家镇,船坊村,0.20580000000
320400,常州市,扬子江预留地块,025,I,1,农用地,耕地,新北区,薛家镇,船坊村,0.18690000000
320400,常州市,扬子江预留地块,025,I,1,农用地,耕地,新北区,薛家镇,船坊村,0.51580000000
320400,常州市,扬子江预留地块,025,I,1,农用地,耕地,新北区,薛家镇,船坊村,0.15620000000
320400,常州市,扬子江预留地块,025,I,1,农用地,耕地,新北区,薛家镇,船坊村,1.00120000000
320400,常州市,扬子江预留地块,025,I,1,农用地,耕地,新北区,薛家镇,船坊村,0.23080000000
320400,常州市,扬子江预留地块,025,I,1,农用地,耕地,新北区,薛家镇,船坊村,0.15370000000
320400,常州市,扬子江预留地块,025,I,1,农用地,,新北区,薛家镇,船坊村,0.22710000000
320400,常州市,扬子江预留地块,025,I,1,农用地,耕地,新北区,薛家镇,船坊村,0.17480000000
320400,常州市,扬子江预留地块,025,I,1,农用地,,新北区,薛家镇,船坊村,0.06440000000
320400,常州市,扬子江预留地块,025,I,1,农用地,耕地,新北区,薛家镇,船坊村,0.05960000000
320400,常州市,扬子江预留地块,025,I,1,农用地,耕地,新北区,薛家镇,船坊村,0.04160000000
320400,常州市,扬子江预留地块,025,I,1,农用地,,新北区,薛家镇,船坊村,0.88330000000
320400,常州市,扬子江预留地块,025,I,1,农用地,,新北区,薛家镇,船坊村,0.41230000000
320400,常州市,扬子江预留地块,026,I,1,农用地,,新北区,薛家镇,船坊村,0.15540000000
320400,常州市,扬子江预留地块,026,I,1,农用地,耕地,新北区,薛家镇,船坊村,0.01810000000
320400,常州市,扬子江预留地块,026,I,1,农用地,,新北区,薛家镇,船坊村,0.16720000000
320400,常州市,扬子江预留地块,026,I,1,农用地,耕地,新北区,薛家镇,船坊村,0.59110000000
320400,常州市,扬子江预留地块,026,I,1,农用地,耕地,新北区,薛家镇,船坊村,0.69850000000
320400,常州市,扬子江预留地块,026,I,1,农用地,,新北区,薛家镇,船坊村,0.54730000000
320400,常州市,扬子江预留地块,026,I,1,农用地,耕地,新北区,薛家镇,船坊村,0.51060000000
320400,常州市,扬子江预留地块,026,I,1,农用地,,新北区,薛家镇,船坊村,0.08700000000
320400,常州市,扬子江预留地块,026,I,1,农用地,耕地,新北区,薛家镇,船坊村,0.47100000000
320400,常州市,扬子江预留地块,026,I,1,农用地,,新北区,薛家镇,船坊村,0.56600000000
320400,常州市,扬子江预留地块,026,I,1,农用地,耕地,新北区,薛家镇,船坊村,0.20730000000
320400,常州市,扬子江预留地块,026,I,1,农用地,耕地,新北区,薛家镇,船坊村,0.14360000000
320400,常州市,扬子江预留地块,026,I,1,农用地,耕地,新北区,薛家镇,船坊村,0.48870000000
320400,常州市,扬子江预留地块,026,I,1,农用地,耕地,新北区,薛家镇,船坊村,0.26110000000
320400,常州市,扬子江预留地块,026,I,1,农用地,,新北区,薛家镇,船坊村,0.38770000000
320400,常州市,扬子江预留地块,026,I,1,农用地,,新北区,薛家镇,船坊村,0.54410000000
320400,常州市,扬子江预留地块,026,I,1,农用地,耕地,新北区,薛家镇,船坊村,0.12630000000
320400,常州市,扬子江预留地块,026,I,1,农用地,,新北区,薛家镇,船坊村,0.13050000000
320400,常州市,扬子江预留地块,026,I,1,农用地,耕地,新北区,薛家镇,船坊村,0.52180000000
320400,常州市,扬子江预留地块,026,I,1,农用地,,新北区,薛家镇,船坊村,0.43390000000
320400,常州市,扬子江预留地块,027,I,1,农用地,耕地,新北区,薛家镇,船坊村,0.02930000000
320400,常州市,扬子江预留地块,027,I,1,农用地,耕地,新北区,薛家镇,船坊村,0.01160000000
320400,常州市,扬子江预留地块,027,I,1,农用地,耕地,新北区,薛家镇,船坊村,0.03680000000
320400,常州市,扬子江预留地块,027,I,1,农用地,,新北区,薛家镇,船坊村,0.03620000000
320400,常州市,扬子江预留地块,027,I,1,农用地,,新北区,薛家镇,船坊村,0.00110000000
320400,常州市,扬子江预留地块,027,I,1,农用地,,新北区,薛家镇,船坊村,0.05670000000
320400,常州市,扬子江预留地块,027,I,1,农用地,耕地,新北区,薛家镇,船坊村,0.06240000000
320400,常州市,扬子江预留地块,027,I,1,农用地,,新北区,薛家镇,船坊村,0.01250000000
320400,常州市,扬子江预留地块,027,I,1,农用地,耕地,新北区,薛家镇,船坊村,0.04090000000
320400,常州市,加油站,028,I,1,农用地,,新北区,新桥镇,茶庵村,0.00120000000
320400,常州市,加油站,028,I,1,农用地,耕地,新北区,新桥镇,茶庵村,0.07350000000
320400,常州市,加油站,028,I,1,农用地,耕地,新北区,新桥镇,茶庵村,0.07120000000
320400,常州市,GH-19,029,I,1,农用地,耕地,新北区,新桥镇,戴墅村,0.05040000000
320400,常州市,GH-19,029,I,1,农用地,耕地,新北区,新桥镇,戴墅村,0.03370000000
320400,常州市,GH-19,029,I,1,农用地,耕地,新北区,新桥镇,戴墅村,0.09580000000
320400,常州市,GH-19,029,I,1,农用地,耕地,新北区,新桥镇,仲家村,0.07740000000
320400,常州市,GH-19,029,I,1,农用地,耕地,新北区,新桥镇,仲家村,0.03900000000
320400,常州市,,030,O,1,农用地,,新北区,薛家镇,任葛村,0.03240000000
320400,常州市,,030,O,1,农用地,,新北区,薛家镇,任葛村,0.13120000000
320400,常州市,,030,O,1,农用地,,新北区,薛家镇,任葛村,0.05370000000
320400,常州市,,030,O,1,农用地,耕地,新北区,薛家镇,任葛村,0.06170000000
320400,常州市,,030,O,1,农用地,耕地,新北区,薛家镇,任葛村,0.21260000000
320400,常州市,,030,O,1,农用地,耕地,新北区,薛家镇,任葛村,0.11140000000
320400,常州市,,031,O,1,农用地,耕地,新北区,龙虎塘街道,安基村,0.11260000000
320400,常州市,,031,O,1,未利用地,,新北区,龙虎塘街道,安基村,0.01570000000
320400,常州市,,031,O,1,农用地,耕地,新北区,龙虎塘街道,安基村,0.11710000000
320400,常州市,,032,O,1,农用地,耕地,新北区,龙虎塘街道,安基村,0.06690000000
320400,常州市,,032,O,1,未利用地,,新北区,龙虎塘街道,安基村,0.02110000000
320400,常州市,,032,O,1,农用地,耕地,新北区,龙虎塘街道,安基村,0.00130000000
320400,常州市,,032,O,1,未利用地,,新北区,龙虎塘街道,安基村,0.12030000000
320400,常州市,,033,O,1,未利用地,,新北区,龙虎塘街道,安基村,0.01030000000
320400,常州市,,033,O,1,未利用地,,新北区,龙虎塘街道,安基村,0.00200000000
320400,常州市,,033,O,1,农用地,耕地,新北区,龙虎塘街道,安基村,0.02010000000
320400,常州市,,033,O,1,农用地,耕地,新北区,龙虎塘街道,安基村,0.01640000000
320400,常州市,,033,O,1,未利用地,,新北区,龙虎塘街道,安基村,0.00290000000
320400,常州市,,034,O,1,农用地,耕地,新北区,薛家镇,任葛村,0.03600000000
320400,常州市,,034,O,1,农用地,,新北区,薛家镇,任葛村,0.01810000000
320400,常州市,,034,O,1,农用地,,新北区,薛家镇,任葛村,0.00620000000
320400,常州市,,034,O,1,农用地,耕地,新北区,薛家镇,任葛村,0.01720000000
320400,常州市,,034,O,1,农用地,耕地,新北区,薛家镇,任葛村,0.02800000000
320400,常州市,,035,O,1,农用地,,新北区,薛家镇,任葛村,0.04900000000
320400,常州市,,035,O,1,农用地,,新北区,薛家镇,任葛村,0.00830000000
320400,常州市,,035,O,1,农用地,耕地,新北区,薛家镇,任葛村,0.01260000000
320400,常州市,,035,O,1,农用地,,新北区,薛家镇,任葛村,0.03680000000
320400,常州市,,035,O,1,农用地,,新北区,薛家镇,任葛村,0.13890000000
320400,常州市,,035,O,1,农用地,,新北区,薛家镇,任葛村,0.06880000000
320400,常州市,,035,O,1,农用地,,新北区,薛家镇,任葛村,0.13290000000
320400,常州市,,035,O,1,农用地,耕地,新北区,薛家镇,任葛村,0.00410000000
320400,常州市,,035,O,1,农用地,耕地,新北区,薛家镇,任葛村,0.02870000000
320400,常州市,,036,O,1,农用地,耕地,新北区,薛家镇,吕墅社区,0.01120000000
320400,常州市,,036,O,1,农用地,耕地,新北区,薛家镇,吕墅社区,0.24760000000
320400,常州市,,036,O,1,农用地,耕地,新北区,薛家镇,吕墅社区,0.22410000000
320400,常州市,,036,O,1,农用地,耕地,新北区,薛家镇,吕墅社区,0.06330000000
320400,常州市,,037,O,1,农用地,,新北区,薛家镇,任葛村,0.00140000000
320400,常州市,,037,O,1,农用地,耕地,新北区,薛家镇,任葛村,0.04620000000
320400,常州市,,038,O,1,农用地,,新北区,薛家镇,新民村,0.34020000000
320400,常州市,,038,O,1,农用地,,新北区,薛家镇,新民村,0.04040000000
320400,常州市,,038,O,1,农用地,耕地,新北区,薛家镇,新民村,0.03110000000
320400,常州市,,038,O,1,农用地,耕地,新北区,薛家镇,新民村,0.07270000000
320400,常州市,,038,O,1,农用地,,新北区,薛家镇,新民村,0.03040000000
320400,常州市,,039,O,1,农用地,耕地,新北区,薛家镇,新民村,0.25620000000
320400,常州市,,039,O,1,农用地,耕地,新北区,薛家镇,新民村,0.08670000000
320400,常州市,,039,O,1,农用地,耕地,新北区,薛家镇,新民村,0.00020000000
320400,常州市,,039,O,1,农用地,耕地,新北区,薛家镇,新民村,0.02560000000
320400,常州市,,039,O,1,农用地,耕地,新北区,薛家镇,新民村,0.13690000000
320400,常州市,,039,O,1,农用地,耕地,新北区,薛家镇,新民村,0.07750000000
320400,常州市,,039,O,1,农用地,耕地,新北区,薛家镇,新民村,0.32000000000
320400,常州市,,039,O,1,农用地,,新北区,薛家镇,新民村,0.05750000000
320400,常州市,,039,O,1,农用地,耕地,新北区,薛家镇,新民村,0.02130000000
320400,常州市,,040,O,1,未利用地,,新北区,龙虎塘街道,安基村,0.12340000000
320400,常州市,,040,O,1,农用地,耕地,新北区,龙虎塘街道,安基村,0.03030000000
320400,常州市,,041,O,1,未利用地,,新北区,龙虎塘街道,安基村,0.00310000000
320400,常州市,,041,O,1,未利用地,,新北区,龙虎塘街道,东社村,0.08670000000
320400,常州市,,041,O,1,未利用地,,新北区,龙虎塘街道,东社村,0.01500000000
320400,常州市,,041,O,1,未利用地,,新北区,龙虎塘街道,东社村,0.01090000000
320400,常州市,,042,O,1,未利用地,,新北区,龙虎塘街道,安基村,0.01620000000
320400,常州市,,042,O,1,农用地,耕地,新北区,龙虎塘街道,安基村,0.11140000000
320400,常州市,,042,O,1,农用地,,新北区,龙虎塘街道,安基村,0.01730000000
320400,常州市,,043,O,1,农用地,耕地,新北区,薛家镇,吕墅社区,0.16060000000
320400,常州市,,043,O,1,农用地,,新北区,薛家镇,吕墅社区,0.00930000000
320400,常州市,,044,O,1,未利用地,,新北区,薛家镇,吕墅社区,0.00520000000
320400,常州市,,045,O,1,未利用地,,新北区,薛家镇,吕墅社区,0.00310000000
320400,常州市,,046,O,1,农用地,耕地,新北区,薛家镇,吕墅社区,0.01130000000
320400,常州市,,047,O,1,未利用地,,新北区,薛家镇,吕墅社区,0.00190000000
320400,常州市,,047,O,1,农用地,耕地,新北区,薛家镇,吕墅社区,0.14160000000
320400,常州市,,047,O,1,农用地,耕地,新北区,薛家镇,吕墅社区,0.10820000000
320400,常州市,,047,O,1,农用地,耕地,新北区,薛家镇,吕墅社区,0.00140000000
320400,常州市,,047,O,1,农用地,耕地,新北区,薛家镇,吕墅社区,0.00890000000
320400,常州市,,047,O,1,农用地,耕地,新北区,薛家镇,吕墅社区,0.17050000000
320400,常州市,,047,O,1,农用地,,新北区,薛家镇,吕墅社区,0.00570000000
320400,常州市,,047,O,1,农用地,耕地,新北区,薛家镇,吕墅社区,0.07730000000
320400,常州市,,047,O,1,农用地,耕地,新北区,薛家镇,吕墅社区,0.15370000000
320400,常州市,,047,O,1,农用地,,新北区,薛家镇,吕墅社区,0.02020000000
320400,常州市,,048,O,1,农用地,,新北区,薛家镇,任葛村,0.00470000000
320400,常州市,,048,O,1,农用地,,新北区,薛家镇,任葛村,0.01360000000
320400,常州市,,049,O,1,农用地,耕地,新北区,薛家镇,任葛村,0.13040000000
320400,常州市,,050,O,1,未利用地,,新北区,龙虎塘街道,安基村,0.00540000000
320400,常州市,,050,O,1,未利用地,,新北区,龙虎塘街道,安基村,0.00920000000
320400,常州市,,050,O,1,未利用地,,新北区,龙虎塘街道,东社村,0.00010000000
320400,常州市,,051,O,1,未利用地,,新北区,龙虎塘街道,安基村,0.13550000000
320400,常州市,,051,O,1,未利用地,,新北区,龙虎塘街道,安基村,0.00040000000
320400,常州市,,052,O,1,农用地,耕地,新北区,新桥镇,马鞍桥村,0.01670000000
320400,常州市,,052,O,1,农用地,耕地,新北区,新桥镇,马鞍桥村,0.71260000000
320400,常州市,,052,O,1,农用地,耕地,新北区,新桥镇,马鞍桥村,0.09130000000
320400,常州市,,052,O,1,农用地,耕地,新北区,新桥镇,马鞍桥村,0.00580000000
320400,常州市,,052,O,1,农用地,耕地,新北区,新桥镇,马鞍桥村,0.53470000000
320400,常州市,,052,O,1,农用地,耕地,新北区,新桥镇,马鞍桥村,1.60830000000
320400,常州市,,052,O,1,农用地,耕地,新北区,新桥镇,马鞍桥村,0.66800000000
320400,常州市,,052,O,1,农用地,耕地,新北区,新桥镇,马鞍桥村,0.12550000000
320400,常州市,,052,O,1,农用地,,新北区,新桥镇,马鞍桥村,0.00540000000
320400,常州市,,052,O,1,农用地,,新北区,新桥镇,马鞍桥村,0.11860000000
320400,常州市,,052,O,1,农用地,,新北区,新桥镇,马鞍桥村,0.15210000000
320400,常州市,,052,O,1,农用地,耕地,新北区,新桥镇,马鞍桥村,0.85890000000
320400,常州市,,052,O,1,农用地,耕地,新北区,新桥镇,马鞍桥村,0.11340000000
320400,常州市,,052,O,1,农用地,,新北区,新桥镇,马鞍桥村,0.16000000000
320400,常州市,,053,O,1,农用地,,新北区,新桥镇,马鞍桥村,0.77030000000
320400,常州市,,054,O,1,农用地,,新北区,新桥镇,马鞍桥村,0.01290000000
320400,常州市,,054,O,1,农用地,耕地,新北区,新桥镇,马鞍桥村,0.14000000000
320400,常州市,,054,O,1,农用地,耕地,新北区,新桥镇,马鞍桥村,0.89460000000
320400,常州市,,054,O,1,农用地,耕地,新北区,新桥镇,马鞍桥村,0.06830000000
320400,常州市,,054,O,1,农用地,耕地,新北区,新桥镇,马鞍桥村,0.36260000000
320400,常州市,,054,O,1,农用地,耕地,新北区,新桥镇,马鞍桥村,0.17880000000
320400,常州市,,054,O,1,农用地,耕地,新北区,新桥镇,马鞍桥村,0.09290000000
320400,常州市,,054,O,1,农用地,耕地,新北区,新桥镇,马鞍桥村,0.65740000000
320400,常州市,,054,O,1,农用地,,新北区,新桥镇,马鞍桥村,0.29620000000
320400,常州市,,054,O,1,农用地,,新北区,新桥镇,马鞍桥村,0.05080000000
320400,常州市,,054,O,1,农用地,,新北区,新桥镇,马鞍桥村,1.60250000000
320400,常州市,,054,O,1,农用地,,新北区,新桥镇,马鞍桥村,0.01290000000
320400,常州市,,054,O,1,农用地,耕地,新北区,新桥镇,马鞍桥村,0.09620000000
320400,常州市,,054,O,1,农用地,,新北区,新桥镇,马鞍桥村,0.23000000000
320400,常州市,,054,O,1,农用地,,新北区,新桥镇,马鞍桥村,0.00790000000
320400,常州市,,054,O,1,农用地,,新北区,新桥镇,马鞍桥村,0.02150000000
320400,常州市,,054,O,1,农用地,耕地,新北区,新桥镇,马鞍桥村,0.43520000000
320400,常州市,,054,O,1,农用地,,新北区,新桥镇,马鞍桥村,0.08100000000
320400,常州市,,054,O,1,农用地,耕地,新北区,新桥镇,马鞍桥村,0.26440000000
320400,常州市,,054,O,1,农用地,,新北区,新桥镇,马鞍桥村,0.13600000000
320400,常州市,,054,O,1,农用地,耕地,新北区,新桥镇,马鞍桥村,0.01310000000
320400,常州市,,054,O,1,农用地,耕地,新北区,新桥镇,马鞍桥村,0.11060000000
320400,常州市,,054,O,1,农用地,,新北区,新桥镇,马鞍桥村,0.15360000000
320400,常州市,,054,O,1,农用地,,新北区,新桥镇,马鞍桥村,0.03730000000
320400,常州市,,054,O,1,农用地,,新北区,新桥镇,马鞍桥村,0.16610000000
320400,常州市,,054,O,1,农用地,,新北区,新桥镇,马鞍桥村,0.08660000000
320400,常州市,,054,O,1,农用地,,新北区,新桥镇,马鞍桥村,0.16940000000
320400,常州市,,055,O,1,农用地,,新北区,新桥镇,马鞍桥村,0.43430000000
320400,常州市,,055,O,1,农用地,耕地,新北区,新桥镇,马鞍桥村,0.28010000000
320400,常州市,,055,O,1,农用地,耕地,新北区,新桥镇,马鞍桥村,0.24190000000
320400,常州市,,055,O,1,农用地,,新北区,新桥镇,马鞍桥村,0.01960000000
320400,常州市,,055,O,1,农用地,,新北区,新桥镇,马鞍桥村,0.84720000000
320400,常州市,,056,O,1,农用地,,新北区,新桥镇,马鞍桥村,0.01570000000
320400,常州市,,057,O,1,农用地,耕地,新北区,新桥镇,马鞍桥村,0.11000000000
320400,常州市,,058,O,1,农用地,耕地,新北区,新桥镇,马鞍桥村,0.17290000000
320400,常州市,,058,O,1,农用地,,新北区,新桥镇,马鞍桥村,0.05360000000
320400,常州市,,058,O,1,农用地,,新北区,新桥镇,马鞍桥村,0.12290000000
320400,常州市,,058,O,1,农用地,耕地,新北区,新桥镇,马鞍桥村,0.00070000000
320400,常州市,,058,O,1,农用地,耕地,新北区,新桥镇,马鞍桥村,0.21940000000
320400,常州市,,059,O,1,农用地,,新北区,新桥镇,马鞍桥村,0.37350000000
320400,常州市,,059,O,1,农用地,耕地,新北区,新桥镇,马鞍桥村,0.06930000000
320400,常州市,,059,O,1,农用地,耕地,新北区,新桥镇,马鞍桥村,0.03910000000
320400,常州市,,059,O,1,农用地,耕地,新北区,新桥镇,马鞍桥村,0.15840000000
320400,常州市,,059,O,1,农用地,耕地,新北区,新桥镇,马鞍桥村,0.08330000000
320400,常州市,,059,O,1,农用地,耕地,新北区,新桥镇,马鞍桥村,0.15760000000
320400,常州市,,059,O,1,农用地,耕地,新北区,新桥镇,马鞍桥村,0.16920000000
320400,常州市,,059,O,1,农用地,,新北区,新桥镇,马鞍桥村,0.04450000000
320400,常州市,,059,O,1,农用地,,新北区,新桥镇,马鞍桥村,0.00510000000
320400,常州市,,059,O,1,农用地,耕地,新北区,新桥镇,马鞍桥村,0.23410000000
320400,常州市,,059,O,1,农用地,,新北区,新桥镇,马鞍桥村,0.04450000000
320400,常州市,,059,O,1,农用地,耕地,新北区,新桥镇,马鞍桥村,0.29470000000
320400,常州市,,059,O,1,农用地,耕地,新北区,新桥镇,马鞍桥村,0.01020000000
320400,常州市,,059,O,1,农用地,,新北区,新桥镇,马鞍桥村,0.18940000000
320400,常州市,,059,O,1,农用地,,新北区,新桥镇,马鞍桥村,0.00100000000
320400,常州市,,059,O,1,农用地,,新北区,新桥镇,马鞍桥村,0.05110000000
320400,常州市,白云溪路,060,I,1,农用地,耕地,武进区,湖塘镇,淹城村,0.00860000000
320400,常州市,白云溪路,061,I,1,农用地,耕地,武进区,湖塘镇,淹城村,0.00060000000
320400,常州市,白云溪路,061,I,1,农用地,,武进区,湖塘镇,淹城村,0.00020000000
320400,常州市,白云溪路,062,I,1,农用地,耕地,武进区,湖塘镇,淹城村,0.02720000000
320400,常州市,白云溪路,063,I,1,农用地,耕地,武进区,湖塘镇,淹城村,0.03420000000
320400,常州市,白云溪路,063,I,1,农用地,耕地,武进区,湖塘镇,淹城村,0.01350000000
320400,常州市,白云溪路,063,I,1,农用地,耕地,武进区,湖塘镇,淹城村,0.10180000000
320400,常州市,宝斯特南,064,I,1,农用地,耕地,武进区,湖塘镇,孙家村,0.01050000000
320400,常州市,宝斯特南,064,I,1,农用地,耕地,武进区,湖塘镇,孙家村,0.06750000000
320400,常州市,宝斯特南,064,I,1,农用地,耕地,武进区,湖塘镇,孙家村,0.01300000000
320400,常州市,宝斯特南,064,I,1,农用地,,武进区,湖塘镇,孙家村,0.06120000000
320400,常州市,宝斯特南,064,I,1,农用地,,武进区,湖塘镇,孙家村,0.39160000000
320400,常州市,宝斯特南,064,I,1,农用地,耕地,武进区,湖塘镇,孙家村,0.00320000000
320400,常州市,宝斯特南,064,I,1,农用地,耕地,武进区,湖塘镇,孙家村,0.08580000000
320400,常州市,宝斯特南,064,I,1,农用地,耕地,武进区,湖塘镇,孙家村,0.23090000000
320400,常州市,宝斯特南,064,I,1,农用地,,武进区,湖塘镇,孙家村,0.11600000000
320400,常州市,宝斯特南,064,I,1,农用地,耕地,武进区,湖塘镇,孙家村,0.13710000000
320400,常州市,宝斯特南,064,I,1,农用地,,武进区,湖塘镇,孙家村,0.05000000000
320400,常州市,宝斯特南,064,I,1,农用地,耕地,武进区,湖塘镇,孙家村,0.13400000000
320400,常州市,宝斯特南,064,I,1,农用地,,武进区,湖塘镇,孙家村,0.03930000000
320400,常州市,宝斯特南,064,I,1,农用地,,武进区,湖塘镇,孙家村,0.08760000000
320400,常州市,宝斯特南,064,I,1,农用地,耕地,武进区,湖塘镇,孙家村,0.37160000000
320400,常州市,常州夏岩三勤生态旅游发展有限公司,002,I,1,建设用地,,武进区,湖塘镇,三勤村,0.00000000000
320400,常州市,常州夏岩三勤生态旅游发展有限公司,002,I,1,建设用地,,武进区,湖塘镇,三勤村,0.00000000000
320400,常州市,常州夏岩三勤生态旅游发展有限公司,002,I,1,建设用地,,武进区,湖塘镇,三勤村,0.00000000000
320400,常州市,宝斯特南,064,I,1,农用地,耕地,武进区,湖塘镇,孙家村,0.43710000000
320400,常州市,宝斯特南,064,I,1,农用地,,武进区,湖塘镇,孙家村,0.18310000000
320400,常州市,宝斯特南,064,I,1,农用地,耕地,武进区,湖塘镇,孙家村,0.09780000000
320400,常州市,宝斯特南,064,I,1,农用地,,武进区,湖塘镇,孙家村,0.10530000000
320400,常州市,宝斯特南,064,I,1,农用地,,武进区,湖塘镇,孙家村,0.05780000000
320400,常州市,宝斯特南,064,I,1,农用地,,武进区,湖塘镇,孙家村,0.84860000000
320400,常州市,宝斯特南,064,I,1,农用地,,武进区,湖塘镇,孙家村,0.04670000000
320400,常州市,宝斯特南,064,I,1,农用地,,武进区,湖塘镇,孙家村,0.13990000000
320400,常州市,宝斯特南,064,I,1,农用地,耕地,武进区,湖塘镇,孙家村,0.03420000000
320400,常州市,宝斯特南,064,I,1,农用地,,武进区,湖塘镇,孙家村,0.27500000000
320400,常州市,宝斯特南,064,I,1,农用地,,武进区,湖塘镇,孙家村,0.07280000000
320400,常州市,宝斯特南,064,I,1,农用地,,武进区,湖塘镇,孙家村,0.08090000000
320400,常州市,宝斯特南,064,I,1,农用地,耕地,武进区,湖塘镇,孙家村,0.21820000000
320400,常州市,宝斯特南,064,I,1,农用地,,武进区,湖塘镇,孙家村,0.17030000000
320400,常州市,宝斯特南,064,I,1,农用地,耕地,武进区,湖塘镇,孙家村,0.23400000000
320400,常州市,宝斯特南,064,I,1,农用地,耕地,武进区,湖塘镇,西塘田村,0.04300000000
320400,常州市,宝斯特南,064,I,1,农用地,耕地,武进区,湖塘镇,西塘田村,0.10840000000
320400,常州市,宝斯特南,064,I,1,农用地,耕地,武进区,湖塘镇,西塘田村,0.02970000000
320400,常州市,沟南拆迁安置2-1,065,I,1,农用地,耕地,武进区,湖塘镇,东新村,0.33470000000
320400,常州市,沟南拆迁安置2-1,065,I,1,农用地,耕地,武进区,湖塘镇,东新村,1.38570000000
320400,常州市,沟南拆迁安置2-1,065,I,1,农用地,,武进区,湖塘镇,东新村,0.02270000000
320400,常州市,沟南拆迁安置2-1,065,I,1,农用地,耕地,武进区,湖塘镇,东新村,0.15800000000
320400,常州市,沟南拆迁安置2-1,065,I,1,农用地,,武进区,湖塘镇,东新村,0.25410000000
320400,常州市,沟南拆迁安置2-1,065,I,1,农用地,,武进区,湖塘镇,东新村,0.00980000000
320400,常州市,沟南拆迁安置2-1,065,I,1,农用地,耕地,武进区,湖塘镇,东新村,0.41300000000
320400,常州市,沟南拆迁安置2-1,065,I,1,农用地,,武进区,湖塘镇,东新村,0.00080000000
320400,常州市,沟南拆迁安置2-1,065,I,1,农用地,,武进区,湖塘镇,东新村,0.06810000000
320400,常州市,沟南拆迁安置2-1,065,I,1,农用地,耕地,武进区,湖塘镇,东新村,0.25270000000
320400,常州市,沟南拆迁安置2-1,065,I,1,农用地,,武进区,湖塘镇,东新村,0.82790000000
320400,常州市,沟南拆迁安置2-1,065,I,1,农用地,,武进区,湖塘镇,东新村,0.02260000000
320400,常州市,沟南拆迁安置2-1,065,I,1,农用地,,武进区,湖塘镇,东新村,0.01750000000
320400,常州市,沟南拆迁安置2-1,065,I,1,农用地,,武进区,湖塘镇,东新村,0.04960000000
320400,常州市,沟南拆迁安置2-1,065,I,1,农用地,,武进区,湖塘镇,东新村,0.01860000000
320400,常州市,沟南拆迁安置2-1,065,I,1,农用地,,武进区,湖塘镇,东新村,0.00020000000
320400,常州市,沟南拆迁安置2-1,065,I,1,农用地,耕地,武进区,湖塘镇,东新村,0.98960000000
320400,常州市,沟南拆迁安置2-1,065,I,1,农用地,耕地,武进区,湖塘镇,东新村,0.25640000000
320400,常州市,沟南拆迁安置2-1,065,I,1,农用地,,武进区,湖塘镇,东新村,0.12740000000
320400,常州市,沟南拆迁安置2-1,065,I,1,农用地,耕地,武进区,湖塘镇,东新村,1.01160000000
320400,常州市,沟南拆迁安置2-1,065,I,1,农用地,,武进区,湖塘镇,东新村,0.07320000000
320400,常州市,沟南拆迁安置2-1,065,I,1,农用地,,武进区,湖塘镇,东新村,0.00670000000
320400,常州市,沟南拆迁安置2-1,065,I,1,农用地,耕地,武进区,湖塘镇,东新村,0.02330000000
320400,常州市,沟南拆迁安置2-1,065,I,1,农用地,,武进区,湖塘镇,东新村,0.29260000000
320400,常州市,沟南拆迁安置2-1,065,I,1,农用地,,武进区,湖塘镇,东新村,0.01820000000
320400,常州市,沟南拆迁安置2-1,065,I,1,农用地,,武进区,湖塘镇,东新村,0.28430000000
320400,常州市,沟南拆迁安置2-1,065,I,1,农用地,耕地,武进区,湖塘镇,东新村,0.65510000000
320400,常州市,沟南拆迁安置2-1,065,I,1,农用地,,武进区,湖塘镇,东新村,0.06030000000
320400,常州市,沟南拆迁安置2-1,065,I,1,农用地,耕地,武进区,湖塘镇,东新村,0.08160000000
320400,常州市,沟南拆迁安置2-1,065,I,1,农用地,耕地,武进区,湖塘镇,东新村,1.33160000000
320400,常州市,沟南拆迁安置3,066,I,1,农用地,,武进区,湖塘镇,东升村,0.00030000000
320400,常州市,沟南拆迁安置3,066,I,1,农用地,耕地,武进区,湖塘镇,东升村,0.00040000000
320400,常州市,沟南拆迁安置3,067,I,1,农用地,耕地,武进区,湖塘镇,东升村,0.35370000000
320400,常州市,沟南拆迁安置3,067,I,1,农用地,耕地,武进区,湖塘镇,东升村,0.26510000000
320400,常州市,沟南拆迁安置3,067,I,1,农用地,,武进区,湖塘镇,东升村,0.15320000000
320400,常州市,沟南拆迁安置3,067,I,1,农用地,耕地,武进区,湖塘镇,东升村,0.06590000000
320400,常州市,沟南拆迁安置3,067,I,1,农用地,耕地,武进区,湖塘镇,东升村,0.13250000000
320400,常州市,沟南拆迁安置3,067,I,1,农用地,耕地,武进区,湖塘镇,东升村,0.25210000000
320400,常州市,沟南拆迁安置3,067,I,1,农用地,耕地,武进区,湖塘镇,东升村,0.18570000000
320400,常州市,沟南拆迁安置3,067,I,1,农用地,,武进区,湖塘镇,东升村,0.35230000000
320400,常州市,沟南拆迁安置3,067,I,1,农用地,耕地,武进区,湖塘镇,东升村,0.87430000000
320400,常州市,锅炉配套厂补缺,068,I,1,农用地,耕地,武进区,湖塘镇,东新村,0.00180000000
320400,常州市,锅炉配套厂补缺,069,I,1,农用地,,武进区,湖塘镇,东新村,0.03290000000
320400,常州市,锅炉配套厂补缺,069,I,1,农用地,,武进区,湖塘镇,东新村,0.00510000000
320400,常州市,锅炉配套厂补缺,069,I,1,农用地,耕地,武进区,湖塘镇,东新村,0.05440000000
320400,常州市,锅炉配套厂补缺,069,I,1,农用地,,武进区,湖塘镇,东新村,0.02380000000
320400,常州市,锅炉配套厂补缺,069,I,1,农用地,耕地,武进区,湖塘镇,东新村,0.04370000000
320400,常州市,降子布厂预审补充,070,I,1,农用地,耕地,武进区,湖塘镇,东升村,0.01860000000
320400,常州市,降子布厂预审补充,070,I,1,农用地,耕地,武进区,湖塘镇,东升村,0.00030000000
320400,常州市,降子布厂预审补充,071,I,1,农用地,耕地,武进区,湖塘镇,东升村,0.00810000000
320400,常州市,降子布厂预审补充,071,I,1,农用地,耕地,武进区,湖塘镇,东升村,0.00220000000
320400,常州市,三勤农业产业园,072,I,1,农用地,耕地,武进区,湖塘镇,三勤村,0.14750000000
320400,常州市,三勤农业产业园,072,I,1,农用地,,武进区,湖塘镇,三勤村,0.07140000000
320400,常州市,三勤农业产业园,072,I,1,农用地,耕地,武进区,湖塘镇,三勤村,0.05110000000
320400,常州市,三勤农业产业园,072,I,1,农用地,耕地,武进区,湖塘镇,三勤村,0.09380000000
320400,常州市,三勤农业产业园,072,I,1,农用地,,武进区,湖塘镇,三勤村,0.00160000000
320400,常州市,三勤农业产业园,072,I,1,农用地,耕地,武进区,湖塘镇,三勤村,0.05820000000
320400,常州市,三勤农业产业园,072,I,1,农用地,耕地,武进区,湖塘镇,三勤村,0.03950000000
320400,常州市,三勤农业产业园,072,I,1,农用地,耕地,武进区,湖塘镇,三勤村,0.05620000000
320400,常州市,三勤农业产业园,072,I,1,农用地,,武进区,湖塘镇,三勤村,0.00150000000
320400,常州市,三勤农业产业园,072,I,1,农用地,耕地,武进区,湖塘镇,三勤村,0.11420000000
320400,常州市,三勤农业产业园,072,I,1,农用地,,武进区,湖塘镇,三勤村,0.02360000000
320400,常州市,三勤农业产业园,072,I,1,农用地,,武进区,湖塘镇,三勤村,0.01520000000
320400,常州市,三勤农业产业园,072,I,1,农用地,耕地,武进区,湖塘镇,三勤村,0.01640000000
320400,常州市,三勤农业产业园,073,I,1,农用地,,武进区,湖塘镇,三勤村,0.00130000000
320400,常州市,周家巷小学及社区服务配套中心-1,074,I,1,农用地,,武进区,湖塘镇,周家巷村,0.00110000000
320400,常州市,周家巷小学及社区服务配套中心-1,075,I,1,农用地,,武进区,湖塘镇,周家巷村,0.00370000000
320400,常州市,周家巷小学及社区服务配套中心-1,076,I,1,农用地,耕地,武进区,湖塘镇,周家巷村,0.08960000000
320400,常州市,周家巷小学及社区服务配套中心-1,077,I,1,农用地,耕地,武进区,湖塘镇,周家巷村,0.08230000000
320400,常州市,周家巷小学及社区服务配套中心-1,077,I,1,农用地,,武进区,湖塘镇,周家巷村,0.07860000000
320400,常州市,周家巷小学及社区服务配套中心-1,077,I,1,农用地,,武进区,湖塘镇,周家巷村,0.00020000000
320400,常州市,宝林寺东,078,I,1,农用地,,武进区,湖塘镇,张家坝村,0.03790000000
320400,常州市,宝林寺东,078,I,1,农用地,耕地,武进区,湖塘镇,淹城村,0.10340000000
320400,常州市,宝林寺东,078,I,1,农用地,耕地,武进区,湖塘镇,淹城村,0.34230000000
320400,常州市,宝林寺东,078,I,1,农用地,耕地,武进区,湖塘镇,淹城村,0.04960000000
320400,常州市,宝林寺东,078,I,1,农用地,耕地,武进区,湖塘镇,淹城村,0.07030000000
320400,常州市,宝林寺东,078,I,1,农用地,耕地,武进区,湖塘镇,淹城村,0.03250000000
320400,常州市,宝林寺东,078,I,1,农用地,耕地,武进区,湖塘镇,淹城村,0.43720000000
320400,常州市,宝林寺东,078,I,1,未利用地,,武进区,湖塘镇,淹城村,0.10830000000
320400,常州市,宝林寺东,078,I,1,农用地,耕地,武进区,湖塘镇,淹城村,0.05180000000
320400,常州市,宝林寺东,078,I,1,农用地,耕地,武进区,湖塘镇,淹城村,0.15530000000
320400,常州市,宝林寺东,078,I,1,农用地,,武进区,湖塘镇,淹城村,0.11210000000
320400,常州市,宝林寺东,078,I,1,农用地,耕地,武进区,湖塘镇,淹城村,0.04350000000
320400,常州市,宝林寺东,078,I,1,农用地,,武进区,湖塘镇,淹城村,0.10150000000
320400,常州市,宝林寺东,078,I,1,建设用地,,武进区,湖塘镇,淹城村,0.11930000000
320400,常州市,宝林寺东,078,I,1,农用地,,武进区,湖塘镇,淹城村,0.00520000000
320400,常州市,宝林寺东,079,I,1,农用地,,武进区,湖塘镇,张家坝村,0.06630000000
320400,常州市,宝林寺东,079,I,1,农用地,耕地,武进区,湖塘镇,张家坝村,0.45400000000
320400,常州市,宝林寺东,079,I,1,农用地,耕地,武进区,湖塘镇,张家坝村,0.05240000000
320400,常州市,南田文化城,080,I,1,农用地,,武进区,湖塘镇,大华村,0.00040000000
320400,常州市,南田文化城,081,I,1,农用地,,武进区,湖塘镇,大华村,0.00010000000
320400,常州市,南田文化城,081,I,1,农用地,耕地,武进区,湖塘镇,大华村,0.00040000000
320400,常州市,南田文化城,081,I,1,农用地,,武进区,湖塘镇,大华村,0.00140000000
320400,常州市,南田文化城,081,I,1,农用地,,武进区,湖塘镇,大华村,0.00020000000
320400,常州市,南田文化城,081,I,1,农用地,,武进区,湖塘镇,龙潭庵村,0.00010000000
320400,常州市,南田文化城,081,I,1,农用地,耕地,武进区,湖塘镇,龙潭庵村,0.00090000000
320400,常州市,南田文化城,082,I,1,农用地,,武进区,湖塘镇,大华村,0.00320000000
320400,常州市,南田文化城,082,I,1,农用地,耕地,武进区,湖塘镇,大华村,0.02870000000
320400,常州市,南田文化城,082,I,1,农用地,耕地,武进区,湖塘镇,大华村,0.10730000000
320400,常州市,南田文化城,082,I,1,农用地,耕地,武进区,湖塘镇,大华村,0.05380000000
320400,常州市,南田文化城,082,I,1,农用地,耕地,武进区,湖塘镇,龙潭庵村,0.23360000000
320400,常州市,南田文化城,082,I,1,农用地,,武进区,湖塘镇,龙潭庵村,0.01660000000
320400,常州市,南田文化城,082,I,1,农用地,耕地,武进区,湖塘镇,龙潭庵村,0.10180000000
320400,常州市,南田文化城,082,I,1,农用地,耕地,武进区,湖塘镇,龙潭庵村,0.26020000000
320400,常州市,南田文化城,082,I,1,农用地,,武进区,湖塘镇,龙潭庵村,0.32910000000
320400,常州市,南田文化城,082,I,1,农用地,耕地,武进区,湖塘镇,龙潭庵村,0.17480000000
320400,常州市,南田文化城,082,I,1,农用地,耕地,武进区,湖塘镇,龙潭庵村,0.17520000000
320400,常州市,南田文化城,082,I,1,农用地,耕地,武进区,湖塘镇,龙潭庵村,0.12230000000
320400,常州市,南田文化城,082,I,1,农用地,,武进区,湖塘镇,龙潭庵村,0.02010000000
320400,常州市,南田文化城,082,I,1,农用地,耕地,武进区,湖塘镇,龙潭庵村,0.15650000000
320400,常州市,南田文化城,082,I,1,农用地,耕地,武进区,湖塘镇,龙潭庵村,0.19930000000
320400,常州市,南田文化城,082,I,1,农用地,,武进区,湖塘镇,龙潭庵村,0.12740000000
320400,常州市,南田文化城,082,I,1,农用地,耕地,武进区,湖塘镇,龙潭庵村,0.02080000000
320400,常州市,南田文化城,082,I,1,农用地,,武进区,湖塘镇,龙潭庵村,0.13870000000
320400,常州市,南田文化城,082,I,1,农用地,耕地,武进区,湖塘镇,龙潭庵村,0.22470000000
320400,常州市,南田文化城,082,I,1,农用地,耕地,武进区,湖塘镇,龙潭庵村,0.09950000000
320400,常州市,南田文化城,082,I,1,农用地,耕地,武进区,湖塘镇,龙潭庵村,0.22110000000
320400,常州市,南田文化城,082,I,1,农用地,,武进区,湖塘镇,龙潭庵村,0.04800000000
320400,常州市,南田文化城,082,I,1,农用地,,武进区,湖塘镇,龙潭庵村,0.02360000000
320400,常州市,杉木路,083,I,1,建设用地,,武进区,湖塘镇,淹城村,0.53650000000
320400,常州市,城西印染工业园调出,084,O,1,农用地,,武进区,湖塘镇,淹城村,0.04320000000
320400,常州市,城西印染工业园调出,084,O,1,农用地,耕地,武进区,湖塘镇,淹城村,0.22680000000
320400,常州市,城西印染工业园调出,084,O,1,农用地,,武进区,湖塘镇,淹城村,0.13700000000
320400,常州市,城西印染工业园调出,084,O,1,农用地,耕地,武进区,湖塘镇,淹城村,0.07640000000
320400,常州市,城西印染工业园调出,084,O,1,农用地,耕地,武进区,湖塘镇,淹城村,0.14180000000
320400,常州市,城西印染工业园调出,084,O,1,农用地,耕地,武进区,湖塘镇,淹城村,0.03170000000
320400,常州市,城西印染工业园调出,084,O,1,农用地,耕地,武进区,湖塘镇,淹城村,0.01410000000
320400,常州市,城西印染工业园调出,084,O,1,农用地,耕地,武进区,湖塘镇,淹城村,0.19160000000
320400,常州市,城西印染工业园调出,084,O,1,农用地,耕地,武进区,湖塘镇,淹城村,0.05420000000
320400,常州市,城西印染工业园调出,084,O,1,农用地,耕地,武进区,湖塘镇,淹城村,0.14250000000
320400,常州市,城西印染工业园调出,084,O,1,未利用地,,武进区,湖塘镇,淹城村,0.11680000000
320400,常州市,城西印染工业园调出,084,O,1,农用地,耕地,武进区,湖塘镇,淹城村,0.16780000000
320400,常州市,城西印染工业园调出,084,O,1,农用地,耕地,武进区,湖塘镇,淹城村,0.03690000000
320400,常州市,城西印染工业园调出,084,O,1,农用地,,武进区,湖塘镇,淹城村,0.39420000000
320400,常州市,城西印染工业园调出,084,O,1,农用地,耕地,武进区,湖塘镇,淹城村,0.01790000000
320400,常州市,城西印染工业园调出,084,O,1,农用地,耕地,武进区,湖塘镇,淹城村,0.01770000000
320400,常州市,城西印染工业园调出,084,O,1,农用地,,武进区,湖塘镇,淹城村,0.17500000000
320400,常州市,城西印染工业园调出,084,O,1,农用地,,武进区,湖塘镇,淹城村,0.41900000000
320400,常州市,城西印染工业园调出,084,O,1,农用地,耕地,武进区,湖塘镇,淹城村,0.20980000000
320400,常州市,城西印染工业园调出,084,O,1,农用地,耕地,武进区,湖塘镇,淹城村,0.03210000000
320400,常州市,城西印染工业园调出,084,O,1,农用地,耕地,武进区,湖塘镇,淹城村,0.01350000000
320400,常州市,城西印染工业园调出,084,O,1,农用地,耕地,武进区,湖塘镇,淹城村,0.08060000000
320400,常州市,城西印染工业园调出,084,O,1,农用地,,武进区,湖塘镇,淹城村,0.11670000000
320400,常州市,城西印染工业园调出,084,O,1,农用地,耕地,武进区,湖塘镇,淹城村,0.03850000000
320400,常州市,城西印染工业园调出,084,O,1,农用地,耕地,武进区,湖塘镇,淹城村,0.77020000000
320400,常州市,城西印染工业园调出,084,O,1,农用地,耕地,武进区,湖塘镇,淹城村,0.17650000000
320400,常州市,城西印染工业园调出,084,O,1,农用地,耕地,武进区,湖塘镇,淹城村,0.02280000000
320400,常州市,城西印染工业园调出,084,O,1,农用地,耕地,武进区,湖塘镇,淹城村,0.54180000000
320400,常州市,城西印染工业园调出,084,O,1,农用地,,武进区,湖塘镇,淹城村,0.02790000000
320400,常州市,城西印染工业园调出,084,O,1,农用地,,武进区,湖塘镇,淹城村,0.04550000000
320400,常州市,城西印染工业园调出,084,O,1,农用地,耕地,武进区,湖塘镇,淹城村,0.04130000000
320400,常州市,城西印染工业园调出,084,O,1,农用地,耕地,武进区,湖塘镇,淹城村,0.01860000000
320400,常州市,城西印染工业园调出,084,O,1,农用地,耕地,武进区,湖塘镇,淹城村,0.02400000000
320400,常州市,城西印染工业园调出,084,O,1,农用地,,武进区,湖塘镇,淹城村,0.19320000000
320400,常州市,城西印染工业园调出,084,O,1,农用地,耕地,武进区,湖塘镇,淹城村,0.01260000000
320400,常州市,城西印染工业园调出,084,O,1,农用地,耕地,武进区,湖塘镇,淹城村,0.04010000000
320400,常州市,城西印染工业园调出,084,O,1,农用地,耕地,武进区,湖塘镇,淹城村,0.62680000000
320400,常州市,城西印染工业园调出,084,O,1,农用地,耕地,武进区,湖塘镇,淹城村,0.03670000000
320400,常州市,城西印染工业园调出,084,O,1,农用地,耕地,武进区,湖塘镇,淹城村,0.04110000000
320400,常州市,城西印染工业园调出,084,O,1,农用地,耕地,武进区,湖塘镇,淹城村,0.04970000000
320400,常州市,城西印染工业园调出,084,O,1,农用地,,武进区,湖塘镇,淹城村,0.08730000000
320400,常州市,城西印染工业园调出,084,O,1,农用地,耕地,武进区,湖塘镇,淹城村,0.15290000000
320400,常州市,城西印染工业园调出,084,O,1,农用地,,武进区,湖塘镇,淹城村,0.04710000000
320400,常州市,城西印染工业园调出,084,O,1,农用地,耕地,武进区,湖塘镇,淹城村,0.06580000000
320400,常州市,城西印染工业园调出,084,O,1,农用地,耕地,武进区,湖塘镇,淹城村,0.02350000000
320400,常州市,城西印染工业园调出,085,O,1,农用地,耕地,武进区,湖塘镇,张家坝村,0.07350000000
320400,常州市,城西印染工业园调出,085,O,1,农用地,耕地,武进区,湖塘镇,张家坝村,0.34580000000
320400,常州市,城西印染工业园调出,085,O,1,农用地,耕地,武进区,湖塘镇,张家坝村,0.12370000000
320400,常州市,城西印染工业园调出,085,O,1,农用地,,武进区,湖塘镇,张家坝村,0.02100000000
320400,常州市,城西印染工业园调出,085,O,1,农用地,耕地,武进区,湖塘镇,张家坝村,0.02570000000
320400,常州市,城西印染工业园调出,085,O,1,农用地,耕地,武进区,湖塘镇,张家坝村,0.08260000000
320400,常州市,城西印染工业园调出,085,O,1,农用地,,武进区,湖塘镇,张家坝村,0.05790000000
320400,常州市,城西印染工业园调出,085,O,1,农用地,耕地,武进区,湖塘镇,张家坝村,0.02460000000
320400,常州市,城西印染工业园调出,085,O,1,农用地,,武进区,湖塘镇,张家坝村,0.01690000000
320400,常州市,城西印染工业园调出,085,O,1,农用地,耕地,武进区,湖塘镇,张家坝村,0.31380000000
320400,常州市,城西印染工业园调出,085,O,1,农用地,,武进区,湖塘镇,张家坝村,0.00060000000
320400,常州市,城西印染工业园调出,085,O,1,农用地,耕地,武进区,湖塘镇,张家坝村,0.00120000000
320400,常州市,城西印染工业园调出,085,O,1,农用地,耕地,武进区,湖塘镇,张家坝村,0.03500000000
320400,常州市,城西印染工业园调出,085,O,1,农用地,耕地,武进区,湖塘镇,张家坝村,0.24180000000
320400,常州市,城西印染工业园调出,085,O,1,农用地,,武进区,湖塘镇,张家坝村,0.00990000000
320400,常州市,城西印染工业园调出,085,O,1,农用地,,武进区,湖塘镇,张家坝村,0.00320000000
320400,常州市,城西印染工业园调出,085,O,1,农用地,耕地,武进区,湖塘镇,张家坝村,0.02240000000
320400,常州市,城西印染工业园调出,085,O,1,农用地,耕地,武进区,湖塘镇,张家坝村,0.10760000000
320400,常州市,高新区调出,086,O,1,农用地,耕地,武进区,湖塘镇,大兴村,0.42570000000
320400,常州市,高新区调出,086,O,1,农用地,耕地,武进区,湖塘镇,大兴村,0.04440000000
320400,常州市,高新区调出,086,O,1,农用地,耕地,武进区,湖塘镇,大兴村,0.09990000000
320400,常州市,高新区调出,086,O,1,农用地,耕地,武进区,湖塘镇,大兴村,0.06990000000
320400,常州市,高新区调出,086,O,1,农用地,,武进区,湖塘镇,大兴村,0.00700000000
320400,常州市,高新区调出,086,O,1,农用地,耕地,武进区,湖塘镇,大兴村,0.00110000000
320400,常州市,高新区调出,086,O,1,农用地,,武进区,湖塘镇,大兴村,0.09400000000
320400,常州市,高新区调出,086,O,1,农用地,耕地,武进区,湖塘镇,大兴村,0.16420000000
320400,常州市,高新区调出,086,O,1,农用地,耕地,武进区,湖塘镇,大兴村,0.11520000000
320400,常州市,高新区调出,086,O,1,农用地,,武进区,湖塘镇,大兴村,0.01480000000
320400,常州市,高新区调出,086,O,1,农用地,耕地,武进区,湖塘镇,孙家村,0.03850000000
320400,常州市,高新区调出,086,O,1,农用地,耕地,武进区,湖塘镇,孙家村,0.31360000000
320400,常州市,高新区调出,086,O,1,农用地,耕地,武进区,湖塘镇,孙家村,0.24620000000
320400,常州市,高新区调出,086,O,1,农用地,,武进区,湖塘镇,孙家村,0.10940000000
320400,常州市,高新区调出,086,O,1,农用地,耕地,武进区,湖塘镇,孙家村,0.01480000000
320400,常州市,高新区调出,086,O,1,农用地,耕地,武进区,湖塘镇,孙家村,0.08640000000
320400,常州市,高新区调出,086,O,1,农用地,,武进区,湖塘镇,孙家村,0.01090000000
320400,常州市,淹城周边调出,087,O,1,农用地,,武进区,湖塘镇,与宁村,0.10200000000
320400,常州市,淹城周边调出,087,O,1,农用地,耕地,武进区,湖塘镇,与宁村,1.64840000000
320400,常州市,淹城周边调出,087,O,1,农用地,,武进区,湖塘镇,与宁村,0.11960000000
320400,常州市,淹城周边调出,087,O,1,农用地,耕地,武进区,湖塘镇,与宁村,0.27290000000
320400,常州市,淹城周边调出,087,O,1,农用地,耕地,武进区,湖塘镇,与宁村,0.30270000000
320400,常州市,淹城周边调出,087,O,1,农用地,耕地,武进区,湖塘镇,与宁村,0.41870000000
320400,常州市,淹城周边调出,087,O,1,农用地,耕地,武进区,湖塘镇,与宁村,0.02940000000
320400,常州市,淹城周边调出,087,O,1,农用地,耕地,武进区,湖塘镇,与宁村,0.00260000000
320400,常州市,淹城周边调出,087,O,1,未利用地,,武进区,湖塘镇,与宁村,0.48650000000
320400,常州市,淹城周边调出,087,O,1,农用地,耕地,武进区,湖塘镇,与宁村,0.96910000000
320400,常州市,淹城周边调出,087,O,1,农用地,耕地,武进区,湖塘镇,与宁村,0.25900000000
320400,常州市,淹城周边调出,087,O,1,农用地,耕地,武进区,湖塘镇,与宁村,0.09820000000
320400,常州市,淹城周边调出,087,O,1,农用地,,武进区,湖塘镇,与宁村,0.04380000000
320400,常州市,淹城周边调出,087,O,1,农用地,耕地,武进区,湖塘镇,与宁村,0.43310000000
320400,常州市,淹城周边调出,087,O,1,农用地,耕地,武进区,湖塘镇,与宁村,0.18850000000
320400,常州市,淹城周边调出,087,O,1,农用地,耕地,武进区,湖塘镇,与宁村,0.01620000000
320400,常州市,淹城周边调出,087,O,1,农用地,耕地,武进区,湖塘镇,与宁村,0.27900000000
320400,常州市,淹城周边调出,087,O,1,农用地,耕地,武进区,湖塘镇,与宁村,0.03830000000
320400,常州市,淹城周边调出,087,O,1,农用地,耕地,武进区,湖塘镇,与宁村,0.36090000000
320400,常州市,淹城周边调出,087,O,1,农用地,耕地,武进区,湖塘镇,与宁村,0.49290000000
320400,常州市,淹城周边调出,087,O,1,农用地,耕地,武进区,湖塘镇,与宁村,0.04600000000
320400,常州市,淹城周边调出,087,O,1,农用地,耕地,武进区,湖塘镇,与宁村,0.04630000000
320400,常州市,淹城周边调出,087,O,1,农用地,耕地,武进区,湖塘镇,与宁村,0.49080000000
320400,常州市,淹城周边调出,087,O,1,农用地,耕地,武进区,湖塘镇,与宁村,0.05250000000
320400,常州市,淹城周边调出,087,O,1,农用地,耕地,武进区,湖塘镇,与宁村,0.46280000000
320400,常州市,淹城周边调出,087,O,1,农用地,耕地,武进区,湖塘镇,与宁村,0.03580000000
320400,常州市,淹城周边调出,087,O,1,农用地,,武进区,湖塘镇,与宁村,0.05710000000
320400,常州市,淹城周边调出,087,O,1,农用地,耕地,武进区,湖塘镇,与宁村,0.31260000000
320400,常州市,淹城周边调出,087,O,1,农用地,耕地,武进区,湖塘镇,与宁村,0.04670000000
320400,常州市,淹城周边调出,087,O,1,农用地,耕地,武进区,湖塘镇,与宁村,0.13590000000
320400,常州市,淹城周边调出,087,O,1,农用地,耕地,武进区,湖塘镇,与宁村,0.08100000000
320400,常州市,淹城周边调出,087,O,1,农用地,耕地,武进区,湖塘镇,与宁村,0.44450000000
320400,常州市,淹城周边调出,087,O,1,农用地,耕地,武进区,湖塘镇,与宁村,0.18670000000
320400,常州市,淹城周边调出,087,O,1,农用地,耕地,武进区,湖塘镇,与宁村,0.48820000000
320400,常州市,淹城周边调出,087,O,1,未利用地,,武进区,湖塘镇,与宁村,0.77960000000
320400,常州市,淹城周边调出,087,O,1,农用地,耕地,武进区,湖塘镇,与宁村,0.07730000000
320400,常州市,淹城周边调出,087,O,1,农用地,,武进区,湖塘镇,与宁村,0.03720000000
320400,常州市,淹城周边调出,087,O,1,农用地,耕地,武进区,湖塘镇,与宁村,0.05080000000
320400,常州市,淹城周边调出,087,O,1,农用地,耕地,武进区,湖塘镇,与宁村,0.43430000000
320400,常州市,淹城周边调出,087,O,1,农用地,耕地,武进区,湖塘镇,与宁村,0.43140000000
320400,常州市,淹城周边调出,087,O,1,农用地,耕地,武进区,湖塘镇,与宁村,0.61590000000
320400,常州市,淹城周边调出,087,O,1,农用地,耕地,武进区,湖塘镇,与宁村,0.43860000000
320400,常州市,淹城周边调出,087,O,1,农用地,耕地,武进区,湖塘镇,与宁村,0.11270000000
320400,常州市,淹城周边调出,087,O,1,农用地,,武进区,湖塘镇,与宁村,0.02730000000
320400,常州市,淹城周边调出,087,O,1,农用地,耕地,武进区,湖塘镇,与宁村,0.05400000000
320400,常州市,淹城周边调出,087,O,1,农用地,耕地,武进区,湖塘镇,与宁村,0.18430000000
320400,常州市,淹城周边调出,087,O,1,未利用地,,武进区,湖塘镇,与宁村,0.60970000000
320400,常州市,淹城周边调出,087,O,1,农用地,耕地,武进区,湖塘镇,与宁村,0.32540000000
320400,常州市,淹城周边调出,087,O,1,农用地,耕地,武进区,湖塘镇,与宁村,0.02200000000
320400,常州市,淹城周边调出,087,O,1,农用地,耕地,武进区,湖塘镇,与宁村,0.01030000000
320400,常州市,淹城周边调出,087,O,1,农用地,,武进区,湖塘镇,与宁村,0.29040000000
320400,常州市,淹城周边调出,087,O,1,农用地,耕地,武进区,湖塘镇,与宁村,0.42290000000
320400,常州市,淹城周边调出,087,O,1,农用地,,武进区,湖塘镇,与宁村,0.26760000000
320400,常州市,淹城周边调出,087,O,1,农用地,耕地,武进区,湖塘镇,与宁村,0.25940000000
320400,常州市,淹城周边调出,087,O,1,农用地,耕地,武进区,湖塘镇,与宁村,0.05840000000
320400,常州市,淹城周边调出,087,O,1,农用地,耕地,武进区,湖塘镇,与宁村,0.21820000000
320400,常州市,淹城周边调出,087,O,1,未利用地,,武进区,湖塘镇,与宁村,0.10700000000
320400,常州市,淹城周边调出,087,O,1,农用地,耕地,武进区,湖塘镇,与宁村,0.02970000000
320400,常州市,扬子江预留地块,088,I,1,农用地,,新北区,新桥镇,茶庵村,0.08250000000
320400,常州市,扬子江预留地块,088,I,1,农用地,,新北区,新桥镇,茶庵村,0.02430000000
320400,常州市,扬子江预留地块,088,I,1,农用地,耕地,新北区,新桥镇,茶庵村,0.07230000000
320400,常州市,扬子江预留地块,088,I,1,农用地,耕地,新北区,新桥镇,茶庵村,0.46500000000
320400,常州市,扬子江预留地块,088,I,1,农用地,耕地,新北区,新桥镇,茶庵村,0.34460000000
320400,常州市,扬子江预留地块,088,I,1,农用地,耕地,新北区,新桥镇,茶庵村,0.36280000000
320400,常州市,扬子江预留地块,088,I,1,农用地,,新北区,新桥镇,茶庵村,0.21190000000
320400,常州市,扬子江预留地块,088,I,1,农用地,耕地,新北区,新桥镇,茶庵村,0.21880000000
320400,常州市,扬子江预留地块,088,I,1,农用地,,新北区,新桥镇,茶庵村,0.69790000000
320400,常州市,扬子江预留地块,088,I,1,农用地,耕地,新北区,新桥镇,茶庵村,0.01410000000
320400,常州市,扬子江预留地块,088,I,1,农用地,耕地,新北区,新桥镇,茶庵村,0.01520000000
320400,常州市,扬子江预留地块,088,I,1,农用地,,新北区,新桥镇,茶庵村,0.01430000000
320400,常州市,扬子江预留地块,088,I,1,农用地,,新北区,新桥镇,茶庵村,0.15560000000
320400,常州市,扬子江预留地块,089,I,1,农用地,耕地,新北区,薛家镇,船坊村,0.12750000000
320400,常州市,扬子江预留地块,089,I,1,农用地,耕地,新北区,薛家镇,船坊村,0.00190000000
320400,常州市,扬子江预留地块,089,I,1,农用地,耕地,新北区,薛家镇,船坊村,0.24600000000
320400,常州市,扬子江预留地块,089,I,1,农用地,耕地,新北区,薛家镇,船坊村,0.03990000000
320400,常州市,扬子江预留地块,089,I,1,农用地,,新北区,薛家镇,船坊村,0.34160000000
320400,常州市,扬子江预留地块,089,I,1,农用地,耕地,新北区,薛家镇,船坊村,0.02290000000
320400,常州市,扬子江预留地块,089,I,1,农用地,耕地,新北区,薛家镇,船坊村,0.35210000000
320400,常州市,扬子江预留地块,089,I,1,农用地,,新北区,薛家镇,船坊村,0.61980000000
320400,常州市,扬子江预留地块,089,I,1,农用地,耕地,新北区,薛家镇,船坊村,0.34690000000
320400,常州市,扬子江预留地块,089,I,1,农用地,耕地,新北区,薛家镇,船坊村,0.08230000000
320400,常州市,扬子江预留地块,089,I,1,农用地,,新北区,薛家镇,船坊村,0.41080000000
320400,常州市,扬子江预留地块,089,I,1,农用地,,新北区,薛家镇,船坊村,0.52400000000
320400,常州市,扬子江预留地块,089,I,1,农用地,,新北区,薛家镇,船坊村,0.16770000000
320400,常州市,扬子江预留地块,089,I,1,农用地,,新北区,薛家镇,船坊村,0.21160000000
320400,常州市,扬子江预留地块,089,I,1,农用地,耕地,新北区,薛家镇,船坊村,0.23220000000
320400,常州市,扬子江预留地块,089,I,1,农用地,,新北区,薛家镇,船坊村,0.11940000000
320400,常州市,扬子江预留地块,089,I,1,农用地,耕地,新北区,薛家镇,船坊村,0.04450000000
320400,常州市,扬子江预留地块,089,I,1,农用地,耕地,新北区,薛家镇,船坊村,0.00330000000
320400,常州市,扬子江预留地块,089,I,1,农用地,耕地,新北区,薛家镇,船坊村,0.04000000000
320400,常州市,扬子江预留地块,089,I,1,农用地,耕地,新北区,薛家镇,船坊村,0.25920000000
320400,常州市,扬子江预留地块,089,I,1,农用地,,新北区,薛家镇,船坊村,0.03020000000
320400,常州市,扬子江预留地块,089,I,1,农用地,耕地,新北区,薛家镇,船坊村,0.61500000000
320400,常州市,扬子江预留地块,089,I,1,农用地,,新北区,薛家镇,船坊村,0.01880000000
320400,常州市,扬子江预留地块,089,I,1,农用地,耕地,新北区,薛家镇,船坊村,0.27970000000
320400,常州市,扬子江预留地块,089,I,1,农用地,,新北区,薛家镇,船坊村,0.03970000000
320400,常州市,扬子江预留地块,089,I,1,农用地,耕地,新北区,薛家镇,船坊村,0.12260000000
320400,常州市,扬子江预留地块,089,I,1,农用地,,新北区,薛家镇,船坊村,0.25860000000
320400,常州市,扬子江预留地块,089,I,1,农用地,耕地,新北区,薛家镇,船坊村,0.19610000000
320400,常州市,扬子江预留地块,089,I,1,农用地,耕地,新北区,薛家镇,船坊村,0.61550000000
320400,常州市,扬子江预留地块,089,I,1,农用地,耕地,新北区,薛家镇,船坊村,0.03820000000
320400,常州市,扬子江预留地块,089,I,1,农用地,,新北区,薛家镇,船坊村,0.01890000000
320400,常州市,扬子江预留地块,089,I,1,农用地,耕地,新北区,薛家镇,船坊村,0.04020000000
320400,常州市,扬子江预留地块,089,I,1,农用地,,新北区,薛家镇,船坊村,0.00330000000
320400,常州市,扬子江预留地块,089,I,1,农用地,耕地,新北区,薛家镇,船坊村,0.15160000000
320400,常州市,扬子江预留地块,089,I,1,农用地,耕地,新北区,薛家镇,船坊村,0.12730000000
320400,常州市,扬子江预留地块,089,I,1,农用地,耕地,新北区,薛家镇,船坊村,0.42900000000
320400,常州市,扬子江预留地块,089,I,1,农用地,,新北区,薛家镇,船坊村,0.15350000000
320400,常州市,扬子江预留地块,089,I,1,农用地,,新北区,薛家镇,船坊村,0.01630000000
320400,常州市,扬子江预留地块,089,I,1,农用地,耕地,新北区,薛家镇,船坊村,0.34650000000
320400,常州市,扬子江预留地块,089,I,1,农用地,耕地,新北区,薛家镇,船坊村,0.77400000000
320400,常州市,扬子江预留地块,089,I,1,农用地,,新北区,薛家镇,船坊村,0.18600000000
320400,常州市,扬子江预留地块,089,I,1,农用地,耕地,新北区,薛家镇,船坊村,0.46300000000
320400,常州市,扬子江预留地块,089,I,1,农用地,耕地,新北区,薛家镇,船坊村,0.04080000000
320400,常州市,扬子江预留地块,089,I,1,农用地,耕地,新北区,薛家镇,船坊村,0.52180000000
320400,常州市,扬子江预留地块,089,I,1,农用地,耕地,新北区,薛家镇,船坊村,0.00980000000
320400,常州市,扬子江预留地块,089,I,1,农用地,,新北区,薛家镇,船坊村,0.18750000000
320400,常州市,扬子江预留地块,089,I,1,农用地,耕地,新北区,薛家镇,船坊村,0.00460000000
320400,常州市,扬子江预留地块,089,I,1,农用地,耕地,新北区,薛家镇,船坊村,0.82370000000
320400,常州市,扬子江预留地块,089,I,1,农用地,耕地,新北区,薛家镇,船坊村,0.05730000000
320400,常州市,扬子江预留地块,089,I,1,农用地,耕地,新北区,薛家镇,船坊村,0.22780000000
320400,常州市,扬子江预留地块,089,I,1,农用地,,新北区,薛家镇,船坊村,0.13960000000
320400,常州市,扬子江预留地块,089,I,1,农用地,,新北区,新桥镇,茶庵村,0.02580000000
320400,常州市,扬子江预留地块,090,I,1,农用地,,新北区,薛家镇,船坊村,0.27310000000
320400,常州市,扬子江预留地块,090,I,1,农用地,耕地,新北区,薛家镇,船坊村,0.00990000000
320400,常州市,扬子江预留地块,090,I,1,农用地,耕地,新北区,薛家镇,船坊村,0.28840000000
320400,常州市,扬子江预留地块,090,I,1,农用地,耕地,新北区,薛家镇,船坊村,0.11070000000
320400,常州市,扬子江预留地块,090,I,1,农用地,耕地,新北区,薛家镇,船坊村,0.00190000000
320400,常州市,扬子江预留地块,090,I,1,农用地,耕地,新北区,薛家镇,船坊村,0.29740000000
320400,常州市,扬子江预留地块,090,I,1,农用地,,新北区,薛家镇,船坊村,0.00060000000
320400,常州市,扬子江预留地块,090,I,1,农用地,耕地,新北区,薛家镇,船坊村,0.26010000000
320400,常州市,扬子江预留地块,090,I,1,农用地,,新北区,薛家镇,船坊村,0.22680000000
320400,常州市,扬子江预留地块,090,I,1,农用地,耕地,新北区,薛家镇,船坊村,0.00160000000
320400,常州市,扬子江预留地块,090,I,1,农用地,,新北区,薛家镇,船坊村,0.00820000000
320400,常州市,扬子江预留地块,090,I,1,农用地,耕地,新北区,薛家镇,船坊村,0.38670000000
320400,常州市,扬子江预留地块,090,I,1,农用地,,新北区,薛家镇,船坊村,0.10610000000
320400,常州市,扬子江预留地块,090,I,1,农用地,耕地,新北区,薛家镇,船坊村,0.17830000000
320400,常州市,扬子江预留地块,090,I,1,农用地,耕地,新北区,薛家镇,船坊村,0.00280000000
320400,常州市,扬子江预留地块,090,I,1,农用地,,新北区,薛家镇,船坊村,0.12030000000
320400,常州市,扬子江预留地块,090,I,1,农用地,耕地,新北区,薛家镇,船坊村,0.00050000000
320400,常州市,扬子江预留地块,090,I,1,农用地,,新北区,薛家镇,船坊村,0.00840000000
320400,常州市,扬子江预留地块,090,I,1,农用地,耕地,新北区,薛家镇,船坊村,0.07890000000
320400,常州市,扬子江预留地块,090,I,1,农用地,,新北区,薛家镇,船坊村,0.17610000000
320400,常州市,扬子江预留地块,090,I,1,农用地,,新北区,薛家镇,船坊村,0.02420000000
320400,常州市,扬子江预留地块,090,I,1,农用地,,新北区,薛家镇,船坊村,0.16250000000
320400,常州市,扬子江预留地块,090,I,1,农用地,,新北区,薛家镇,船坊村,0.00290000000
320400,常州市,扬子江预留地块,090,I,1,农用地,耕地,新北区,薛家镇,船坊村,0.00310000000
320400,常州市,扬子江预留地块,090,I,1,农用地,耕地,新北区,薛家镇,船坊村,0.01140000000
320400,常州市,扬子江预留地块,090,I,1,农用地,耕地,新北区,薛家镇,船坊村,0.23070000000
320400,常州市,扬子江预留地块,090,I,1,农用地,耕地,新北区,薛家镇,船坊村,0.10480000000
320400,常州市,扬子江预留地块,090,I,1,农用地,耕地,新北区,薛家镇,船坊村,0.34180000000
320400,常州市,扬子江预留地块,090,I,1,农用地,耕地,新北区,薛家镇,船坊村,0.34740000000
320400,常州市,扬子江预留地块,090,I,1,农用地,耕地,新北区,薛家镇,船坊村,1.13620000000
320400,常州市,扬子江预留地块,090,I,1,农用地,,新北区,薛家镇,船坊村,0.00270000000
320400,常州市,扬子江预留地块,090,I,1,农用地,耕地,新北区,薛家镇,船坊村,0.07000000000
320400,常州市,扬子江预留地块,090,I,1,农用地,,新北区,薛家镇,船坊村,0.14570000000
320400,常州市,扬子江预留地块,090,I,1,农用地,耕地,新北区,薛家镇,船坊村,0.02350000000
320400,常州市,扬子江预留地块,090,I,1,农用地,,新北区,薛家镇,船坊村,0.14380000000
320400,常州市,扬子江预留地块,090,I,1,农用地,耕地,新北区,薛家镇,船坊村,0.06710000000
320400,常州市,扬子江预留地块,090,I,1,农用地,耕地,新北区,薛家镇,船坊村,0.27270000000
320400,常州市,扬子江预留地块,090,I,1,农用地,,新北区,薛家镇,船坊村,0.13880000000
320400,常州市,,091,O,1,农用地,耕地,新北区,薛家镇,任葛村,0.00310000000
320400,常州市,,091,O,1,农用地,,新北区,薛家镇,新民村,0.06440000000
320400,常州市,,092,O,1,农用地,,新北区,薛家镇,新民村,0.00170000000
320400,常州市,,093,O,1,农用地,耕地,新北区,新桥镇,马鞍桥村,0.20560000000
320400,常州市,,093,O,1,农用地,耕地,新北区,新桥镇,马鞍桥村,0.45950000000
320400,常州市,,093,O,1,农用地,耕地,新北区,新桥镇,马鞍桥村,0.06060000000
320400,常州市,,093,O,1,农用地,耕地,新北区,新桥镇,马鞍桥村,0.65010000000
320400,常州市,,093,O,1,农用地,耕地,新北区,新桥镇,马鞍桥村,1.38630000000
320400,常州市,,093,O,1,未利用地,,新北区,新桥镇,马鞍桥村,0.12980000000
320400,常州市,,093,O,1,农用地,耕地,新北区,新桥镇,马鞍桥村,0.08590000000
320400,常州市,,093,O,1,农用地,耕地,新北区,新桥镇,马鞍桥村,0.69140000000
320400,常州市,,093,O,1,农用地,,新北区,新桥镇,马鞍桥村,0.00330000000
320400,常州市,,093,O,1,未利用地,,新北区,新桥镇,马鞍桥村,0.02820000000
320400,常州市,,093,O,1,农用地,耕地,新北区,新桥镇,马鞍桥村,0.88540000000
320400,常州市,,093,O,1,农用地,,新北区,新桥镇,马鞍桥村,0.00210000000
320400,常州市,,093,O,1,农用地,耕地,新北区,新桥镇,马鞍桥村,0.66410000000
320400,常州市,,094,O,1,农用地,耕地,新北区,新桥镇,马鞍桥村,0.05320000000
320400,常州市,,094,O,1,农用地,耕地,新北区,新桥镇,马鞍桥村,0.05290000000
320400,常州市,,094,O,1,农用地,,新北区,新桥镇,马鞍桥村,0.15330000000
320400,常州市,,094,O,1,农用地,耕地,新北区,新桥镇,马鞍桥村,1.30420000000
320400,常州市,,094,O,1,农用地,,新北区,新桥镇,马鞍桥村,0.04020000000
320400,常州市,,094,O,1,农用地,耕地,新北区,新桥镇,马鞍桥村,0.38980000000
320400,常州市,,094,O,1,农用地,耕地,新北区,新桥镇,马鞍桥村,0.27330000000
320400,常州市,,094,O,1,农用地,耕地,新北区,新桥镇,马鞍桥村,0.23100000000
320400,常州市,,094,O,1,农用地,耕地,新北区,新桥镇,马鞍桥村,0.24990000000
320400,常州市,,094,O,1,农用地,耕地,新北区,新桥镇,马鞍桥村,0.33020000000
320400,常州市,,094,O,1,农用地,,新北区,新桥镇,马鞍桥村,0.33980000000
320400,常州市,,094,O,1,农用地,耕地,新北区,新桥镇,马鞍桥村,0.05310000000
320400,常州市,,094,O,1,农用地,,新北区,新桥镇,马鞍桥村,0.01280000000
320400,常州市,,094,O,1,农用地,,新北区,新桥镇,马鞍桥村,0.01650000000
320400,常州市,,094,O,1,农用地,耕地,新北区,新桥镇,马鞍桥村,0.14750000000
320400,常州市,,094,O,1,农用地,,新北区,新桥镇,马鞍桥村,0.85720000000
320400,常州市,,094,O,1,农用地,,新北区,新桥镇,马鞍桥村,0.02020000000
320400,常州市,,094,O,1,农用地,,新北区,新桥镇,马鞍桥村,0.20530000000
320400,常州市,,094,O,1,农用地,,新北区,新桥镇,马鞍桥村,0.01630000000
320400,常州市,,094,O,1,农用地,,新北区,新桥镇,马鞍桥村,0.04640000000
320400,常州市,,094,O,1,农用地,,新北区,新桥镇,马鞍桥村,0.02550000000
320400,常州市,,094,O,1,农用地,耕地,新北区,新桥镇,马鞍桥村,0.02570000000
320400,常州市,,094,O,1,农用地,耕地,新北区,新桥镇,马鞍桥村,0.22080000000
320400,常州市,,094,O,1,农用地,,新北区,新桥镇,马鞍桥村,0.86100000000
320400,常州市,,094,O,1,农用地,,新北区,新桥镇,马鞍桥村,0.49270000000
320400,常州市,,094,O,1,农用地,,新北区,新桥镇,马鞍桥村,0.76460000000
320400,常州市,,094,O,1,农用地,耕地,新北区,新桥镇,马鞍桥村,0.11320000000
